{
  "homeInfo": {
    "title": "首页",
    "href": "/admin/user"
  },
  "logoInfo": {
    "title": "商城后台",
    "image": "images/logo.png",
    "href": ""
  },
  "menuInfo": [
    {
      "title": "管理菜单",
      "icon": "fa fa-address-book",
      "href": "",
      "target": "_self",
      "child": [
        {
          "title": "用户管理",
          "href": "",
          "icon": "fa fa-home",
          "target": "_self",
          "child": [
            {
              "title": "用户列表",
              "href": "/admin/user",
              "icon": "fa fa-tachometer",
              "target": "_self"
            }
          ]
        },
        {
          "title": "订单管理",
          "href": "",
          "icon": "fa fa-gears",
          "target": "_self",
          "child": [
            {
              "title": "分类列表",
              "href": "/admin/category",
              "icon": "fa fa-tachometer",
              "target": "_self"
            },
            {
              "title": "商品列表",
              "href": "/admin/product",
              "icon": "fa fa-tachometer",
              "target": "_self"
            }, {
              "title": "订单列表",
              "href": "/admin/order",
              "icon": "fa fa-tachometer",
              "target": "_self"
            }
          ]
        }
      ]
    }
  ]
}